{
    "rmse": 0.6747134634082183,
    "mae": 0.5250485116582396,
    "r2": 0.31625654558975425
}