{
    "rmse": 0.6785823560268472,
    "mae": 0.5270429707984323,
    "r2": 0.31752826755585706
}